timestamp,sender,subject,severity,action_taken
2025-01-05 17:20:59,service@anz.com,Reset Your Password,high,allowed
2025-01-29 17:39:52,service@anz.com,Payment Needed,medium,blocked
2025-01-02 02:46:50,fake@paypal.com,Document Shared With You,medium,flagged
2025-01-12 10:09:04,service@anz.com,Urgent: Account Locked!,medium,flagged
2025-01-16 01:26:30,billing@apple.com,Security Alert,critical,flagged
2025-01-11 09:55:33,fake@paypal.com,Payment Needed,medium,blocked
2025-01-25 09:44:27,security@amazon.com,Document Shared With You,medium,allowed
2025-01-14 05:28:20,hr-support@company.com,Document Shared With You,medium,allowed
2025-01-19 18:38:30,billing@apple.com,Invoice Attached,critical,allowed
2025-01-29 10:22:49,billing@apple.com,Security Alert,high,flagged
2025-01-02 20:49:05,fake@paypal.com,Invoice Attached,medium,allowed
2025-01-28 13:30:37,service@anz.com,Payment Needed,medium,blocked
2025-01-05 21:35:00,hr-support@company.com,Invoice Attached,high,blocked
2025-01-17 06:16:08,fake@paypal.com,Payment Needed,high,blocked
2025-01-14 13:45:19,fake@paypal.com,Urgent: Account Locked!,medium,blocked
2025-01-25 17:57:12,fake@paypal.com,Document Shared With You,high,flagged
2025-01-09 21:55:58,security@amazon.com,Urgent: Account Locked!,high,allowed
2025-01-18 03:10:24,hr-support@company.com,Urgent: Account Locked!,high,blocked
2025-01-02 12:16:06,security@amazon.com,Security Alert,medium,blocked
2025-01-21 17:40:33,unknown@mail.ru,Document Shared With You,medium,allowed
2025-01-10 20:16:18,fake@paypal.com,Urgent: Account Locked!,high,allowed
2025-01-04 03:53:06,fake@paypal.com,Payment Needed,high,allowed
2025-01-14 08:30:41,billing@apple.com,Reset Your Password,high,allowed
2025-01-22 09:01:40,billing@apple.com,Document Shared With You,medium,blocked
2025-01-19 23:20:28,fake@paypal.com,Document Shared With You,medium,blocked
2025-01-27 01:34:59,hr-support@company.com,Urgent: Account Locked!,medium,blocked
2025-01-12 19:08:10,unknown@mail.ru,Invoice Attached,high,blocked
2025-01-27 13:22:13,unknown@mail.ru,Urgent: Account Locked!,medium,flagged
2025-01-30 07:12:19,fake@paypal.com,Document Shared With You,high,blocked
2025-01-23 15:01:13,hr-support@company.com,Payment Needed,medium,blocked
2025-01-06 02:33:03,billing@apple.com,Payment Needed,high,blocked
2025-01-07 16:45:12,hr-support@company.com,Invoice Attached,high,blocked
2025-01-25 08:36:09,security@amazon.com,Urgent: Account Locked!,high,flagged
2025-01-18 23:28:27,unknown@mail.ru,Urgent: Account Locked!,critical,blocked
2025-01-06 04:55:46,billing@apple.com,Payment Needed,critical,flagged
2025-01-20 08:49:14,security@amazon.com,Urgent: Account Locked!,critical,blocked
2025-01-17 19:20:06,security@amazon.com,Payment Needed,high,blocked
2025-01-26 11:07:54,fake@paypal.com,Security Alert,medium,blocked
2025-01-07 09:03:02,hr-support@company.com,Document Shared With You,critical,blocked
2025-01-24 08:47:29,hr-support@company.com,Urgent: Account Locked!,medium,flagged
2025-01-27 23:10:23,hr-support@company.com,Invoice Attached,critical,allowed
2025-01-17 09:41:05,security@amazon.com,Invoice Attached,medium,blocked
2025-01-11 07:57:43,billing@apple.com,Security Alert,high,allowed
2025-01-29 13:27:12,service@anz.com,Reset Your Password,high,allowed
2025-01-06 14:58:29,fake@paypal.com,Security Alert,high,blocked
2025-01-17 15:45:54,unknown@mail.ru,Urgent: Account Locked!,high,blocked
2025-01-25 15:07:53,unknown@mail.ru,Security Alert,medium,blocked
2025-01-08 14:34:35,unknown@mail.ru,Security Alert,medium,flagged
2025-01-29 00:56:39,billing@apple.com,Urgent: Account Locked!,high,blocked
2025-01-23 17:59:43,fake@paypal.com,Invoice Attached,medium,flagged
2025-01-25 17:11:21,service@anz.com,Document Shared With You,medium,flagged
2025-01-16 20:41:31,hr-support@company.com,Invoice Attached,high,blocked
2025-01-20 04:06:29,security@amazon.com,Document Shared With You,critical,blocked
2025-01-03 10:01:01,service@anz.com,Security Alert,medium,blocked
2025-01-18 15:02:36,unknown@mail.ru,Reset Your Password,critical,allowed
2025-01-22 16:32:50,billing@apple.com,Reset Your Password,medium,allowed
2025-01-26 19:20:57,billing@apple.com,Reset Your Password,high,allowed
2025-01-18 06:29:06,billing@apple.com,Reset Your Password,high,allowed
2025-01-04 01:57:48,fake@paypal.com,Security Alert,high,allowed
2025-01-16 02:21:01,fake@paypal.com,Document Shared With You,high,blocked
2025-01-09 14:25:12,unknown@mail.ru,Payment Needed,critical,blocked
2025-01-03 22:17:02,service@anz.com,Payment Needed,high,blocked
2025-01-08 18:59:44,unknown@mail.ru,Urgent: Account Locked!,high,allowed
2025-01-26 09:19:16,unknown@mail.ru,Security Alert,medium,blocked
2025-01-06 22:16:30,fake@paypal.com,Urgent: Account Locked!,high,blocked
2025-01-12 12:57:42,unknown@mail.ru,Invoice Attached,critical,blocked
2025-01-29 15:14:11,service@anz.com,Document Shared With You,medium,blocked
2025-01-06 11:53:19,security@amazon.com,Document Shared With You,high,allowed
2025-01-30 03:03:18,hr-support@company.com,Document Shared With You,medium,allowed
2025-01-10 02:52:47,billing@apple.com,Payment Needed,critical,blocked
2025-01-18 06:11:50,service@anz.com,Payment Needed,high,blocked
2025-01-10 05:47:58,hr-support@company.com,Document Shared With You,high,blocked
2025-01-06 23:41:29,hr-support@company.com,Security Alert,high,blocked
2025-01-22 16:58:56,fake@paypal.com,Security Alert,critical,allowed
2025-01-24 06:26:06,unknown@mail.ru,Payment Needed,medium,blocked
2025-01-16 08:20:34,hr-support@company.com,Document Shared With You,medium,blocked
2025-01-17 10:40:45,fake@paypal.com,Payment Needed,medium,blocked
2025-01-07 22:13:54,hr-support@company.com,Payment Needed,high,blocked
2025-01-14 17:42:43,fake@paypal.com,Document Shared With You,high,flagged
2025-01-02 03:01:58,unknown@mail.ru,Security Alert,critical,blocked
2025-01-19 00:10:46,hr-support@company.com,Urgent: Account Locked!,medium,allowed
2025-01-22 03:53:57,hr-support@company.com,Urgent: Account Locked!,critical,allowed
2025-01-16 01:31:23,service@anz.com,Invoice Attached,high,flagged
2025-01-18 04:54:43,unknown@mail.ru,Invoice Attached,high,flagged
2025-01-24 18:44:44,service@anz.com,Document Shared With You,medium,flagged
2025-01-18 15:59:02,billing@apple.com,Payment Needed,medium,flagged
2025-01-23 07:55:55,unknown@mail.ru,Document Shared With You,high,flagged
2025-01-22 14:18:48,security@amazon.com,Urgent: Account Locked!,medium,blocked
2025-01-11 05:38:49,security@amazon.com,Payment Needed,critical,flagged
2025-01-11 05:15:23,security@amazon.com,Urgent: Account Locked!,high,blocked
2025-01-19 15:33:49,security@amazon.com,Reset Your Password,high,flagged
2025-01-28 06:39:53,hr-support@company.com,Urgent: Account Locked!,high,allowed
2025-01-24 02:02:05,service@anz.com,Urgent: Account Locked!,medium,flagged
2025-01-09 23:22:46,security@amazon.com,Urgent: Account Locked!,high,flagged
2025-01-30 04:51:25,billing@apple.com,Security Alert,high,allowed
2025-01-22 08:53:19,fake@paypal.com,Invoice Attached,medium,allowed
2025-01-09 09:45:55,security@amazon.com,Payment Needed,critical,flagged
2025-01-25 11:39:55,service@anz.com,Reset Your Password,high,allowed
2025-01-30 06:05:02,billing@apple.com,Security Alert,medium,flagged
2025-01-29 04:12:01,billing@apple.com,Reset Your Password,high,blocked
2025-01-15 00:30:08,hr-support@company.com,Security Alert,critical,flagged
2025-01-09 11:01:09,fake@paypal.com,Security Alert,medium,blocked
2025-01-23 11:47:14,billing@apple.com,Invoice Attached,high,flagged
2025-01-02 08:40:00,unknown@mail.ru,Invoice Attached,critical,blocked
2025-01-12 19:25:45,hr-support@company.com,Invoice Attached,medium,blocked
2025-01-05 08:16:25,unknown@mail.ru,Reset Your Password,high,flagged
2025-01-22 12:06:23,hr-support@company.com,Urgent: Account Locked!,high,flagged
2025-01-03 11:51:38,unknown@mail.ru,Urgent: Account Locked!,critical,allowed
2025-01-20 19:01:36,billing@apple.com,Payment Needed,medium,flagged
2025-01-14 00:23:28,unknown@mail.ru,Document Shared With You,critical,blocked
2025-01-26 01:02:11,hr-support@company.com,Urgent: Account Locked!,high,blocked
2025-01-07 05:56:04,hr-support@company.com,Invoice Attached,medium,flagged
2025-01-21 12:05:20,billing@apple.com,Urgent: Account Locked!,medium,allowed
2025-01-06 10:15:14,service@anz.com,Document Shared With You,medium,blocked
2025-01-17 19:37:28,hr-support@company.com,Urgent: Account Locked!,high,allowed
2025-01-04 03:49:01,hr-support@company.com,Payment Needed,high,blocked
2025-01-17 20:37:23,fake@paypal.com,Document Shared With You,critical,blocked
2025-01-12 10:45:32,service@anz.com,Reset Your Password,medium,blocked
2025-01-18 23:26:12,billing@apple.com,Document Shared With You,medium,blocked
2025-01-15 19:40:24,fake@paypal.com,Security Alert,medium,allowed
2025-01-05 21:29:28,hr-support@company.com,Security Alert,medium,allowed
2025-01-13 17:15:34,hr-support@company.com,Document Shared With You,medium,flagged
2025-01-26 23:10:47,hr-support@company.com,Reset Your Password,high,flagged
2025-01-26 07:44:30,billing@apple.com,Urgent: Account Locked!,high,blocked
2025-01-21 11:29:21,security@amazon.com,Payment Needed,high,allowed
2025-01-03 01:52:25,service@anz.com,Document Shared With You,medium,allowed
2025-01-29 14:24:00,service@anz.com,Document Shared With You,high,allowed
2025-01-20 01:06:32,hr-support@company.com,Document Shared With You,high,allowed
2025-01-13 17:03:35,unknown@mail.ru,Document Shared With You,critical,allowed
2025-01-13 21:22:24,security@amazon.com,Security Alert,high,blocked
2025-01-03 15:38:02,service@anz.com,Reset Your Password,medium,allowed
2025-01-21 01:03:15,hr-support@company.com,Reset Your Password,medium,allowed
2025-01-23 08:25:00,service@anz.com,Security Alert,medium,flagged
2025-01-27 15:03:24,hr-support@company.com,Security Alert,medium,flagged
2025-01-10 20:48:37,fake@paypal.com,Payment Needed,high,blocked
2025-01-15 04:52:21,hr-support@company.com,Invoice Attached,critical,blocked
2025-01-06 04:27:03,hr-support@company.com,Payment Needed,critical,flagged
2025-01-12 15:43:17,unknown@mail.ru,Security Alert,critical,blocked
2025-01-13 04:58:31,hr-support@company.com,Payment Needed,high,blocked
2025-01-02 14:58:50,security@amazon.com,Invoice Attached,high,blocked
2025-01-28 20:02:33,security@amazon.com,Security Alert,medium,flagged
2025-01-27 20:31:48,hr-support@company.com,Urgent: Account Locked!,high,blocked
2025-01-03 20:42:37,security@amazon.com,Reset Your Password,high,blocked
2025-01-21 04:03:26,hr-support@company.com,Reset Your Password,medium,allowed
2025-01-18 03:56:43,security@amazon.com,Payment Needed,critical,allowed
2025-01-24 01:33:24,billing@apple.com,Urgent: Account Locked!,high,blocked
2025-01-07 17:29:33,service@anz.com,Security Alert,medium,flagged
2025-01-09 13:01:08,hr-support@company.com,Invoice Attached,high,blocked
2025-01-01 03:50:36,hr-support@company.com,Payment Needed,high,flagged
2025-01-24 20:42:03,unknown@mail.ru,Invoice Attached,high,allowed
2025-01-29 17:03:44,security@amazon.com,Invoice Attached,high,blocked
2025-01-15 17:52:48,fake@paypal.com,Urgent: Account Locked!,high,flagged
2025-01-06 13:25:09,billing@apple.com,Urgent: Account Locked!,medium,blocked
2025-01-21 03:39:28,hr-support@company.com,Reset Your Password,medium,flagged
2025-01-02 00:19:39,service@anz.com,Invoice Attached,medium,flagged
2025-01-15 07:15:34,fake@paypal.com,Invoice Attached,high,blocked
2025-01-17 03:24:44,hr-support@company.com,Urgent: Account Locked!,critical,blocked
2025-01-29 12:54:31,fake@paypal.com,Document Shared With You,high,blocked
2025-01-02 03:51:55,unknown@mail.ru,Urgent: Account Locked!,critical,allowed
2025-01-11 21:28:04,billing@apple.com,Reset Your Password,medium,flagged
2025-01-25 19:50:59,hr-support@company.com,Urgent: Account Locked!,high,blocked
2025-01-05 08:33:32,hr-support@company.com,Reset Your Password,critical,blocked
2025-01-29 02:24:24,billing@apple.com,Document Shared With You,high,flagged
2025-01-09 00:31:33,fake@paypal.com,Invoice Attached,high,blocked
2025-01-17 21:56:24,unknown@mail.ru,Payment Needed,high,blocked
2025-01-06 06:15:09,security@amazon.com,Payment Needed,medium,allowed
2025-01-27 03:41:02,service@anz.com,Security Alert,medium,blocked
2025-01-12 17:22:14,security@amazon.com,Urgent: Account Locked!,medium,blocked
2025-01-28 14:05:55,service@anz.com,Urgent: Account Locked!,medium,allowed
2025-01-05 12:51:48,billing@apple.com,Reset Your Password,high,blocked
2025-01-05 02:49:55,hr-support@company.com,Security Alert,medium,allowed
2025-01-02 21:53:10,fake@paypal.com,Invoice Attached,medium,blocked
2025-01-07 19:38:48,unknown@mail.ru,Urgent: Account Locked!,medium,flagged
2025-01-06 15:17:57,billing@apple.com,Invoice Attached,high,blocked
2025-01-22 08:16:59,security@amazon.com,Document Shared With You,medium,blocked
2025-01-10 08:14:46,unknown@mail.ru,Security Alert,medium,allowed
2025-01-07 12:01:33,fake@paypal.com,Reset Your Password,critical,flagged
2025-01-26 04:56:26,billing@apple.com,Document Shared With You,high,blocked
2025-01-05 17:39:55,hr-support@company.com,Document Shared With You,high,blocked
2025-01-29 05:52:54,unknown@mail.ru,Document Shared With You,critical,flagged
2025-01-08 20:59:06,service@anz.com,Security Alert,high,blocked
2025-01-18 14:31:45,service@anz.com,Security Alert,medium,allowed
2025-01-18 21:33:11,security@amazon.com,Urgent: Account Locked!,high,blocked
2025-01-30 02:08:10,security@amazon.com,Invoice Attached,medium,blocked
2025-01-28 15:25:53,hr-support@company.com,Security Alert,high,flagged
2025-01-19 02:26:31,unknown@mail.ru,Urgent: Account Locked!,critical,flagged
2025-01-07 01:35:02,unknown@mail.ru,Payment Needed,high,flagged
2025-01-25 07:23:20,hr-support@company.com,Urgent: Account Locked!,critical,blocked
2025-01-28 20:58:00,fake@paypal.com,Document Shared With You,high,flagged
2025-01-17 01:51:22,security@amazon.com,Reset Your Password,high,flagged
2025-01-09 11:44:58,fake@paypal.com,Security Alert,medium,flagged
2025-01-13 11:55:00,hr-support@company.com,Reset Your Password,high,flagged
2025-01-17 21:51:52,security@amazon.com,Payment Needed,medium,allowed
2025-01-25 13:20:09,security@amazon.com,Document Shared With You,medium,blocked
2025-01-21 04:23:21,service@anz.com,Reset Your Password,high,flagged
2025-01-22 12:14:43,unknown@mail.ru,Document Shared With You,critical,flagged
2025-01-06 09:52:09,hr-support@company.com,Urgent: Account Locked!,critical,allowed
2025-01-16 22:58:01,hr-support@company.com,Invoice Attached,high,blocked
2025-01-01 07:52:15,billing@apple.com,Reset Your Password,medium,blocked
2025-01-19 15:40:51,billing@apple.com,Security Alert,critical,flagged
2025-01-08 21:04:31,hr-support@company.com,Payment Needed,critical,flagged
2025-01-08 16:51:43,security@amazon.com,Invoice Attached,medium,blocked
2025-01-29 19:46:16,security@amazon.com,Payment Needed,medium,blocked
2025-01-02 01:17:41,hr-support@company.com,Urgent: Account Locked!,medium,flagged
2025-01-22 08:15:09,billing@apple.com,Urgent: Account Locked!,medium,blocked
2025-01-14 21:03:28,fake@paypal.com,Security Alert,high,blocked
2025-01-05 08:39:40,hr-support@company.com,Security Alert,medium,flagged
2025-01-27 07:44:52,security@amazon.com,Invoice Attached,high,allowed
2025-01-30 18:30:12,service@anz.com,Document Shared With You,high,blocked
2025-01-23 13:12:46,service@anz.com,Document Shared With You,high,flagged
2025-01-22 18:16:02,hr-support@company.com,Security Alert,high,blocked
2025-01-10 15:08:36,security@amazon.com,Invoice Attached,high,blocked
2025-01-02 17:50:07,service@anz.com,Payment Needed,high,blocked
2025-01-17 10:32:39,unknown@mail.ru,Security Alert,medium,allowed
2025-01-25 23:24:20,hr-support@company.com,Invoice Attached,medium,blocked
2025-01-26 18:00:01,security@amazon.com,Invoice Attached,high,blocked
2025-01-30 04:57:16,hr-support@company.com,Urgent: Account Locked!,high,flagged
2025-01-09 03:25:39,unknown@mail.ru,Urgent: Account Locked!,critical,blocked
2025-01-24 12:58:37,service@anz.com,Security Alert,critical,blocked
2025-01-21 05:59:11,service@anz.com,Payment Needed,medium,blocked
2025-01-03 02:32:30,hr-support@company.com,Invoice Attached,high,flagged
2025-01-27 17:25:01,billing@apple.com,Document Shared With You,critical,allowed
2025-01-19 06:18:38,service@anz.com,Security Alert,medium,blocked
2025-01-21 22:14:59,billing@apple.com,Security Alert,high,allowed
2025-01-10 20:55:03,fake@paypal.com,Invoice Attached,critical,blocked
2025-01-03 02:44:44,service@anz.com,Security Alert,critical,flagged
2025-01-11 04:31:43,service@anz.com,Invoice Attached,medium,allowed
2025-01-15 19:30:49,unknown@mail.ru,Security Alert,high,blocked
2025-01-02 09:06:46,unknown@mail.ru,Security Alert,medium,allowed
2025-01-03 11:04:16,security@amazon.com,Document Shared With You,high,blocked
2025-01-06 10:27:02,hr-support@company.com,Document Shared With You,medium,flagged
2025-01-17 20:26:02,fake@paypal.com,Document Shared With You,medium,blocked
2025-01-08 06:40:17,unknown@mail.ru,Reset Your Password,critical,allowed
2025-01-12 19:33:15,billing@apple.com,Document Shared With You,critical,blocked
2025-01-15 14:30:26,unknown@mail.ru,Security Alert,critical,flagged
2025-01-26 08:46:35,service@anz.com,Reset Your Password,high,blocked
2025-01-10 09:54:32,security@amazon.com,Invoice Attached,high,blocked
2025-01-09 22:01:57,fake@paypal.com,Security Alert,high,blocked
2025-01-03 01:42:47,service@anz.com,Reset Your Password,medium,blocked
2025-01-16 08:44:55,unknown@mail.ru,Urgent: Account Locked!,high,flagged
2025-01-24 03:35:36,hr-support@company.com,Invoice Attached,critical,blocked
2025-01-02 21:06:13,unknown@mail.ru,Urgent: Account Locked!,high,flagged
2025-01-13 04:56:20,unknown@mail.ru,Payment Needed,medium,blocked
2025-01-01 06:59:42,hr-support@company.com,Invoice Attached,medium,flagged
2025-01-30 21:27:36,service@anz.com,Urgent: Account Locked!,medium,allowed
2025-01-30 03:59:25,unknown@mail.ru,Urgent: Account Locked!,high,allowed
2025-01-11 13:51:48,security@amazon.com,Invoice Attached,critical,flagged
2025-01-30 22:32:08,billing@apple.com,Document Shared With You,high,blocked
2025-01-03 18:10:42,billing@apple.com,Payment Needed,high,blocked
2025-01-09 21:41:17,service@anz.com,Urgent: Account Locked!,high,allowed
2025-01-18 12:48:32,fake@paypal.com,Security Alert,medium,flagged
2025-01-21 15:34:19,service@anz.com,Invoice Attached,high,blocked
2025-01-11 05:06:11,billing@apple.com,Document Shared With You,high,blocked
2025-01-15 22:51:45,service@anz.com,Invoice Attached,high,flagged
2025-01-08 04:09:16,security@amazon.com,Document Shared With You,critical,flagged
2025-01-22 00:47:37,unknown@mail.ru,Document Shared With You,high,allowed
2025-01-07 07:22:56,fake@paypal.com,Urgent: Account Locked!,high,allowed
2025-01-11 06:12:30,unknown@mail.ru,Document Shared With You,medium,allowed
2025-01-07 07:28:17,hr-support@company.com,Reset Your Password,medium,flagged
2025-01-08 07:29:30,billing@apple.com,Reset Your Password,critical,blocked
2025-01-03 15:40:43,fake@paypal.com,Security Alert,medium,blocked
2025-01-24 05:11:59,security@amazon.com,Payment Needed,medium,flagged
2025-01-12 11:54:22,fake@paypal.com,Reset Your Password,critical,flagged
2025-01-13 19:21:42,service@anz.com,Invoice Attached,medium,blocked
2025-01-23 14:22:24,unknown@mail.ru,Reset Your Password,high,flagged
2025-01-19 01:08:05,security@amazon.com,Urgent: Account Locked!,critical,blocked
2025-01-07 20:25:49,hr-support@company.com,Payment Needed,medium,flagged
2025-01-03 10:42:35,billing@apple.com,Document Shared With You,high,allowed
2025-01-17 03:30:46,unknown@mail.ru,Security Alert,medium,blocked
2025-01-29 04:58:07,hr-support@company.com,Reset Your Password,medium,flagged
2025-01-09 06:58:59,service@anz.com,Urgent: Account Locked!,critical,blocked
2025-01-24 08:13:42,billing@apple.com,Urgent: Account Locked!,high,blocked
2025-01-19 08:40:16,hr-support@company.com,Security Alert,critical,blocked
2025-01-30 07:41:43,fake@paypal.com,Urgent: Account Locked!,medium,blocked
2025-01-11 13:43:03,unknown@mail.ru,Payment Needed,medium,blocked
2025-01-15 04:50:39,unknown@mail.ru,Security Alert,critical,blocked
2025-01-08 15:56:09,unknown@mail.ru,Reset Your Password,high,allowed
2025-01-12 21:35:25,unknown@mail.ru,Document Shared With You,high,blocked
2025-01-10 15:06:24,security@amazon.com,Payment Needed,medium,flagged
2025-01-29 19:02:54,service@anz.com,Document Shared With You,medium,blocked
2025-01-10 19:19:17,hr-support@company.com,Reset Your Password,medium,blocked
2025-01-23 18:26:47,service@anz.com,Reset Your Password,medium,blocked
2025-01-26 10:00:41,security@amazon.com,Reset Your Password,medium,flagged
2025-01-26 16:44:08,service@anz.com,Urgent: Account Locked!,high,allowed
2025-01-09 12:36:57,security@amazon.com,Payment Needed,medium,allowed
2025-01-20 10:26:15,fake@paypal.com,Security Alert,medium,allowed
2025-01-07 16:10:48,fake@paypal.com,Invoice Attached,medium,flagged
2025-01-28 19:28:22,fake@paypal.com,Payment Needed,critical,blocked
2025-01-29 00:03:19,billing@apple.com,Invoice Attached,high,blocked
2025-01-27 14:36:43,fake@paypal.com,Urgent: Account Locked!,high,flagged
2025-01-05 02:18:15,fake@paypal.com,Security Alert,medium,allowed
2025-01-21 21:36:55,hr-support@company.com,Document Shared With You,medium,allowed
2025-01-27 22:32:59,hr-support@company.com,Security Alert,medium,blocked
2025-01-18 11:27:54,security@amazon.com,Urgent: Account Locked!,critical,blocked
2025-01-12 11:04:18,security@amazon.com,Invoice Attached,critical,blocked
2025-01-02 19:46:27,service@anz.com,Reset Your Password,high,allowed
2025-01-28 04:37:54,security@amazon.com,Invoice Attached,medium,blocked
2025-01-03 17:49:38,hr-support@company.com,Security Alert,high,blocked
2025-01-20 13:07:01,fake@paypal.com,Payment Needed,medium,flagged
2025-01-27 07:13:48,service@anz.com,Urgent: Account Locked!,high,blocked
2025-01-17 06:39:35,hr-support@company.com,Security Alert,medium,flagged
2025-01-28 22:25:53,security@amazon.com,Payment Needed,high,flagged
2025-01-12 12:23:43,service@anz.com,Security Alert,high,blocked
2025-01-30 12:32:29,billing@apple.com,Urgent: Account Locked!,high,blocked
2025-01-27 22:19:34,billing@apple.com,Document Shared With You,high,flagged
2025-01-01 16:28:02,service@anz.com,Reset Your Password,high,flagged
2025-01-28 05:50:26,security@amazon.com,Urgent: Account Locked!,medium,blocked
2025-01-06 17:55:59,fake@paypal.com,Security Alert,high,blocked
2025-01-09 00:10:46,hr-support@company.com,Document Shared With You,high,flagged
2025-01-27 16:40:00,fake@paypal.com,Payment Needed,critical,allowed
2025-01-24 02:35:13,fake@paypal.com,Document Shared With You,medium,flagged
2025-01-13 20:31:37,billing@apple.com,Security Alert,high,allowed
2025-01-15 22:41:48,hr-support@company.com,Urgent: Account Locked!,medium,blocked
2025-01-30 08:12:06,security@amazon.com,Reset Your Password,critical,allowed
2025-01-15 17:23:30,hr-support@company.com,Invoice Attached,medium,flagged
2025-01-13 23:10:20,service@anz.com,Security Alert,high,blocked
2025-01-08 22:40:45,hr-support@company.com,Payment Needed,medium,blocked
2025-01-26 10:25:42,unknown@mail.ru,Reset Your Password,medium,blocked
2025-01-20 12:21:41,fake@paypal.com,Payment Needed,high,blocked
2025-01-29 10:58:01,billing@apple.com,Payment Needed,high,blocked
2025-01-21 15:12:05,billing@apple.com,Document Shared With You,critical,flagged
2025-01-20 13:31:34,unknown@mail.ru,Invoice Attached,high,flagged
2025-01-08 00:39:45,service@anz.com,Reset Your Password,medium,blocked
2025-01-09 06:37:14,fake@paypal.com,Invoice Attached,high,blocked
2025-01-14 21:29:21,security@amazon.com,Payment Needed,medium,blocked
2025-01-25 16:22:32,security@amazon.com,Payment Needed,critical,allowed
2025-01-02 15:34:08,service@anz.com,Invoice Attached,medium,flagged
2025-01-28 20:56:46,fake@paypal.com,Document Shared With You,high,blocked
2025-01-18 13:05:49,billing@apple.com,Document Shared With You,high,blocked
2025-01-14 08:59:44,hr-support@company.com,Reset Your Password,high,flagged
2025-01-22 01:01:20,unknown@mail.ru,Urgent: Account Locked!,high,blocked
2025-01-17 04:18:13,unknown@mail.ru,Invoice Attached,high,blocked
2025-01-28 18:31:14,unknown@mail.ru,Payment Needed,medium,flagged
2025-01-08 18:30:19,billing@apple.com,Document Shared With You,high,blocked
2025-01-27 20:42:23,fake@paypal.com,Reset Your Password,medium,blocked
2025-01-18 07:25:51,security@amazon.com,Reset Your Password,high,flagged
2025-01-07 17:16:55,service@anz.com,Reset Your Password,high,flagged
2025-01-08 01:36:04,security@amazon.com,Urgent: Account Locked!,medium,blocked
2025-01-20 22:28:26,fake@paypal.com,Urgent: Account Locked!,medium,flagged
2025-01-08 23:01:16,security@amazon.com,Reset Your Password,high,blocked
2025-01-13 15:14:30,billing@apple.com,Reset Your Password,high,flagged
2025-01-17 02:50:32,fake@paypal.com,Invoice Attached,medium,flagged
2025-01-06 20:48:00,security@amazon.com,Invoice Attached,critical,blocked
2025-01-24 19:06:02,billing@apple.com,Security Alert,medium,flagged
2025-01-03 01:36:48,service@anz.com,Payment Needed,high,blocked
2025-01-06 00:01:47,billing@apple.com,Security Alert,medium,blocked
2025-01-07 16:12:12,service@anz.com,Security Alert,high,blocked
2025-01-28 02:44:21,fake@paypal.com,Invoice Attached,high,flagged
2025-01-08 08:37:45,unknown@mail.ru,Reset Your Password,high,blocked
2025-01-22 01:06:49,fake@paypal.com,Document Shared With You,high,flagged
2025-01-19 03:21:05,service@anz.com,Urgent: Account Locked!,medium,blocked
2025-01-10 03:26:45,security@amazon.com,Security Alert,high,allowed
2025-01-13 17:44:13,hr-support@company.com,Reset Your Password,high,allowed
2025-01-29 10:01:19,hr-support@company.com,Security Alert,high,blocked
2025-01-25 03:44:49,service@anz.com,Reset Your Password,medium,allowed
2025-01-29 21:28:54,fake@paypal.com,Document Shared With You,medium,blocked
2025-01-28 17:03:01,unknown@mail.ru,Security Alert,medium,flagged
2025-01-20 19:51:45,billing@apple.com,Document Shared With You,medium,flagged
2025-01-07 16:11:52,fake@paypal.com,Invoice Attached,medium,flagged
2025-01-23 02:39:48,fake@paypal.com,Security Alert,high,allowed
2025-01-04 02:58:25,security@amazon.com,Payment Needed,high,blocked
2025-01-10 21:32:20,service@anz.com,Reset Your Password,high,flagged
2025-01-29 01:49:37,unknown@mail.ru,Invoice Attached,high,blocked
2025-01-27 00:39:39,billing@apple.com,Urgent: Account Locked!,critical,blocked
2025-01-28 13:30:55,fake@paypal.com,Payment Needed,medium,blocked
2025-01-24 08:12:04,service@anz.com,Urgent: Account Locked!,medium,flagged
2025-01-09 18:21:23,unknown@mail.ru,Security Alert,high,blocked
2025-01-22 03:16:10,billing@apple.com,Security Alert,critical,blocked
2025-01-11 19:17:43,security@amazon.com,Document Shared With You,high,blocked
2025-01-30 14:30:34,security@amazon.com,Urgent: Account Locked!,high,allowed
2025-01-20 07:09:00,security@amazon.com,Urgent: Account Locked!,medium,blocked
2025-01-09 06:16:05,security@amazon.com,Urgent: Account Locked!,high,blocked
2025-01-10 13:30:57,unknown@mail.ru,Invoice Attached,critical,blocked
2025-01-15 02:22:09,service@anz.com,Payment Needed,medium,blocked
2025-01-02 11:39:43,billing@apple.com,Reset Your Password,medium,flagged
2025-01-21 03:10:36,security@amazon.com,Document Shared With You,medium,flagged
2025-01-10 16:47:57,billing@apple.com,Urgent: Account Locked!,medium,blocked
2025-01-02 21:22:20,billing@apple.com,Payment Needed,medium,flagged
2025-01-25 01:30:46,unknown@mail.ru,Payment Needed,critical,blocked
2025-01-11 13:49:05,unknown@mail.ru,Document Shared With You,high,allowed
2025-01-19 11:14:13,fake@paypal.com,Payment Needed,medium,blocked
2025-01-29 13:51:15,hr-support@company.com,Invoice Attached,high,blocked
2025-01-02 19:42:31,service@anz.com,Urgent: Account Locked!,medium,blocked
2025-01-03 23:53:50,hr-support@company.com,Invoice Attached,medium,blocked
2025-01-09 15:08:15,fake@paypal.com,Payment Needed,high,allowed
2025-01-03 09:12:55,unknown@mail.ru,Invoice Attached,high,flagged
2025-01-21 13:44:01,security@amazon.com,Security Alert,medium,allowed
2025-01-25 22:31:10,billing@apple.com,Document Shared With You,critical,flagged
2025-01-04 07:10:05,billing@apple.com,Document Shared With You,high,blocked
2025-01-26 03:18:55,billing@apple.com,Document Shared With You,medium,blocked
2025-01-03 12:56:19,fake@paypal.com,Reset Your Password,medium,blocked
2025-01-08 00:18:42,billing@apple.com,Urgent: Account Locked!,high,flagged
2025-01-11 14:32:30,service@anz.com,Reset Your Password,high,flagged
2025-01-03 03:10:15,hr-support@company.com,Reset Your Password,high,blocked
2025-01-27 19:45:08,hr-support@company.com,Reset Your Password,medium,flagged
2025-01-28 14:09:26,hr-support@company.com,Reset Your Password,high,blocked
2025-01-15 08:48:55,hr-support@company.com,Reset Your Password,critical,blocked
2025-01-03 20:53:24,service@anz.com,Invoice Attached,high,blocked
2025-01-13 06:29:53,unknown@mail.ru,Invoice Attached,high,flagged
2025-01-26 13:09:37,billing@apple.com,Invoice Attached,medium,blocked
2025-01-28 13:56:04,service@anz.com,Urgent: Account Locked!,high,blocked
2025-01-13 14:28:06,service@anz.com,Reset Your Password,medium,flagged
2025-01-09 12:06:04,fake@paypal.com,Urgent: Account Locked!,medium,flagged
2025-01-18 14:06:58,hr-support@company.com,Invoice Attached,critical,flagged
2025-01-06 08:19:10,unknown@mail.ru,Reset Your Password,high,allowed
2025-01-02 18:47:19,security@amazon.com,Invoice Attached,critical,allowed
2025-01-23 06:22:06,unknown@mail.ru,Document Shared With You,medium,blocked
2025-01-07 02:04:44,hr-support@company.com,Payment Needed,medium,allowed
2025-01-19 09:00:25,unknown@mail.ru,Security Alert,high,flagged
2025-01-21 21:26:00,unknown@mail.ru,Security Alert,high,blocked
2025-01-06 07:58:38,service@anz.com,Payment Needed,critical,allowed
2025-01-26 07:41:55,security@amazon.com,Security Alert,high,flagged
2025-01-30 02:44:38,unknown@mail.ru,Document Shared With You,high,allowed
2025-01-21 22:39:07,security@amazon.com,Security Alert,critical,blocked
2025-01-19 16:40:36,hr-support@company.com,Document Shared With You,high,flagged
2025-01-22 17:39:29,hr-support@company.com,Reset Your Password,high,blocked
2025-01-14 13:11:30,security@amazon.com,Security Alert,high,blocked
2025-01-02 19:44:22,billing@apple.com,Security Alert,medium,blocked
2025-01-22 01:25:12,hr-support@company.com,Reset Your Password,high,flagged
2025-01-27 11:51:37,fake@paypal.com,Reset Your Password,high,blocked
2025-01-28 11:55:57,service@anz.com,Urgent: Account Locked!,medium,flagged
2025-01-24 00:23:40,fake@paypal.com,Reset Your Password,high,blocked
2025-01-22 23:23:10,security@amazon.com,Document Shared With You,high,flagged
2025-01-17 15:10:04,service@anz.com,Urgent: Account Locked!,high,allowed
2025-01-12 15:57:37,service@anz.com,Security Alert,critical,blocked
2025-01-28 05:50:30,unknown@mail.ru,Payment Needed,critical,blocked
2025-01-30 04:52:54,billing@apple.com,Document Shared With You,high,blocked
2025-01-17 01:08:13,billing@apple.com,Invoice Attached,critical,blocked
2025-01-19 00:11:05,billing@apple.com,Reset Your Password,medium,blocked
2025-01-12 15:36:57,fake@paypal.com,Document Shared With You,medium,flagged
2025-01-17 05:59:41,fake@paypal.com,Security Alert,medium,blocked
2025-01-13 04:09:24,security@amazon.com,Urgent: Account Locked!,critical,allowed
2025-01-21 18:26:52,security@amazon.com,Urgent: Account Locked!,critical,blocked
2025-01-29 01:29:11,unknown@mail.ru,Reset Your Password,high,flagged
2025-01-09 15:26:48,hr-support@company.com,Document Shared With You,high,blocked
2025-01-30 09:51:57,billing@apple.com,Payment Needed,high,flagged
2025-01-13 13:12:36,security@amazon.com,Document Shared With You,high,flagged
2025-01-19 17:55:41,fake@paypal.com,Payment Needed,high,blocked
2025-01-14 20:06:00,unknown@mail.ru,Urgent: Account Locked!,high,allowed
2025-01-29 07:32:51,unknown@mail.ru,Invoice Attached,high,blocked
2025-01-17 15:54:21,fake@paypal.com,Security Alert,critical,flagged
2025-01-18 15:20:25,unknown@mail.ru,Invoice Attached,high,allowed
2025-01-19 13:01:13,service@anz.com,Urgent: Account Locked!,high,flagged
2025-01-09 04:20:58,security@amazon.com,Security Alert,medium,blocked
2025-01-03 00:35:31,fake@paypal.com,Document Shared With You,high,flagged
2025-01-20 22:26:18,fake@paypal.com,Urgent: Account Locked!,medium,blocked
2025-01-12 15:36:48,fake@paypal.com,Urgent: Account Locked!,critical,flagged
2025-01-12 00:45:29,billing@apple.com,Reset Your Password,high,blocked
2025-01-17 01:22:49,security@amazon.com,Document Shared With You,high,flagged
2025-01-22 02:42:35,hr-support@company.com,Document Shared With You,high,flagged
2025-01-07 03:01:03,hr-support@company.com,Reset Your Password,medium,allowed
2025-01-02 04:16:25,hr-support@company.com,Reset Your Password,critical,blocked
2025-01-07 07:52:23,billing@apple.com,Reset Your Password,medium,blocked
2025-01-28 02:12:28,billing@apple.com,Urgent: Account Locked!,medium,allowed
2025-01-29 04:25:57,billing@apple.com,Security Alert,medium,flagged
2025-01-15 04:08:38,hr-support@company.com,Security Alert,high,blocked
2025-01-05 05:50:13,unknown@mail.ru,Urgent: Account Locked!,medium,blocked
2025-01-03 02:07:43,security@amazon.com,Security Alert,high,blocked
2025-01-28 09:27:41,unknown@mail.ru,Invoice Attached,high,flagged
2025-01-02 05:39:41,unknown@mail.ru,Invoice Attached,high,blocked
2025-01-23 17:17:08,service@anz.com,Document Shared With You,medium,flagged
2025-01-02 21:45:08,service@anz.com,Payment Needed,medium,flagged
2025-01-25 14:17:33,security@amazon.com,Invoice Attached,critical,blocked
2025-01-04 18:08:17,service@anz.com,Reset Your Password,medium,flagged
2025-01-25 15:05:57,billing@apple.com,Document Shared With You,critical,flagged
2025-01-03 11:38:02,hr-support@company.com,Document Shared With You,high,allowed
2025-01-14 11:26:28,unknown@mail.ru,Payment Needed,medium,flagged
2025-01-25 20:21:12,unknown@mail.ru,Invoice Attached,critical,blocked
2025-01-30 12:03:11,security@amazon.com,Security Alert,medium,allowed
2025-01-17 17:05:04,service@anz.com,Document Shared With You,high,blocked
2025-01-12 11:39:42,service@anz.com,Reset Your Password,high,blocked
2025-01-29 09:54:12,hr-support@company.com,Reset Your Password,high,allowed
2025-01-27 02:10:48,hr-support@company.com,Reset Your Password,high,flagged
2025-01-26 21:56:04,billing@apple.com,Document Shared With You,critical,flagged
2025-01-02 15:45:20,billing@apple.com,Urgent: Account Locked!,high,flagged
2025-01-01 23:05:40,unknown@mail.ru,Reset Your Password,critical,blocked
2025-01-28 21:56:49,fake@paypal.com,Urgent: Account Locked!,critical,blocked
2025-01-06 07:59:35,hr-support@company.com,Document Shared With You,critical,flagged
2025-01-23 21:09:02,service@anz.com,Invoice Attached,medium,blocked
2025-01-06 02:58:41,fake@paypal.com,Security Alert,medium,blocked
2025-01-25 17:46:31,billing@apple.com,Urgent: Account Locked!,critical,blocked
2025-01-13 04:48:02,security@amazon.com,Invoice Attached,critical,flagged
2025-01-11 22:35:06,hr-support@company.com,Document Shared With You,high,blocked
2025-01-06 07:52:23,billing@apple.com,Reset Your Password,medium,flagged
2025-01-24 02:46:27,security@amazon.com,Payment Needed,high,flagged
2025-01-04 03:42:55,unknown@mail.ru,Urgent: Account Locked!,high,blocked
2025-01-23 04:37:21,hr-support@company.com,Reset Your Password,high,allowed
2025-01-24 18:10:23,service@anz.com,Document Shared With You,critical,flagged
2025-01-09 04:21:38,fake@paypal.com,Payment Needed,critical,flagged
2025-01-26 18:01:29,unknown@mail.ru,Document Shared With You,medium,allowed
2025-01-28 22:23:10,fake@paypal.com,Payment Needed,medium,blocked
2025-01-16 21:50:24,service@anz.com,Urgent: Account Locked!,critical,flagged
2025-01-20 12:01:11,billing@apple.com,Document Shared With You,critical,blocked
2025-01-02 17:46:47,unknown@mail.ru,Security Alert,high,blocked
2025-01-28 20:13:31,service@anz.com,Payment Needed,critical,blocked
2025-01-10 13:38:50,security@amazon.com,Payment Needed,medium,blocked
2025-01-27 11:31:48,fake@paypal.com,Reset Your Password,medium,allowed
2025-01-12 00:01:18,security@amazon.com,Urgent: Account Locked!,high,allowed
2025-01-20 09:03:15,security@amazon.com,Security Alert,critical,flagged
2025-01-05 00:16:55,service@anz.com,Invoice Attached,medium,blocked
2025-01-28 18:38:20,hr-support@company.com,Invoice Attached,medium,blocked
2025-01-24 21:59:21,fake@paypal.com,Payment Needed,high,flagged
2025-01-22 12:48:29,service@anz.com,Reset Your Password,medium,flagged
2025-01-28 06:38:24,billing@apple.com,Urgent: Account Locked!,medium,blocked
2025-01-27 22:07:56,hr-support@company.com,Reset Your Password,high,blocked
2025-01-05 22:16:50,unknown@mail.ru,Payment Needed,high,blocked
2025-01-07 17:14:24,billing@apple.com,Document Shared With You,medium,blocked
2025-01-27 06:52:19,service@anz.com,Document Shared With You,medium,flagged
2025-01-06 11:45:34,security@amazon.com,Security Alert,medium,flagged
2025-01-13 13:52:18,fake@paypal.com,Document Shared With You,medium,flagged
2025-01-01 16:48:42,service@anz.com,Payment Needed,high,allowed
2025-01-12 22:03:46,unknown@mail.ru,Security Alert,high,blocked
2025-01-07 11:48:09,unknown@mail.ru,Urgent: Account Locked!,medium,blocked
2025-01-11 22:55:40,service@anz.com,Urgent: Account Locked!,medium,blocked
2025-01-08 19:06:45,billing@apple.com,Document Shared With You,critical,flagged
2025-01-03 05:47:57,security@amazon.com,Payment Needed,critical,allowed
2025-01-18 14:47:46,unknown@mail.ru,Reset Your Password,high,allowed
2025-01-13 19:40:33,fake@paypal.com,Security Alert,medium,allowed
2025-01-12 22:21:30,hr-support@company.com,Payment Needed,high,blocked
2025-01-19 17:05:37,unknown@mail.ru,Reset Your Password,medium,blocked
2025-01-07 20:51:17,unknown@mail.ru,Invoice Attached,critical,blocked
2025-01-09 14:46:51,service@anz.com,Urgent: Account Locked!,high,blocked
2025-01-29 14:37:07,service@anz.com,Security Alert,medium,flagged
2025-01-19 23:37:53,security@amazon.com,Urgent: Account Locked!,medium,flagged
2025-01-11 01:58:34,hr-support@company.com,Urgent: Account Locked!,medium,flagged
2025-01-19 00:10:58,hr-support@company.com,Urgent: Account Locked!,medium,flagged
2025-01-05 17:36:28,security@amazon.com,Document Shared With You,medium,blocked
2025-01-02 10:59:30,unknown@mail.ru,Urgent: Account Locked!,critical,allowed
2025-01-23 00:31:22,security@amazon.com,Security Alert,high,allowed
2025-01-12 14:17:31,billing@apple.com,Invoice Attached,critical,blocked
2025-01-17 02:28:05,hr-support@company.com,Urgent: Account Locked!,medium,blocked
2025-01-07 22:10:02,fake@paypal.com,Urgent: Account Locked!,medium,allowed
2025-01-27 16:30:13,billing@apple.com,Urgent: Account Locked!,medium,blocked
2025-01-24 18:02:36,hr-support@company.com,Invoice Attached,medium,flagged
2025-01-22 09:20:16,hr-support@company.com,Invoice Attached,medium,allowed
2025-01-14 21:14:59,hr-support@company.com,Urgent: Account Locked!,high,blocked
2025-01-20 01:30:13,security@amazon.com,Security Alert,medium,blocked
2025-01-29 21:02:12,security@amazon.com,Document Shared With You,medium,flagged
2025-01-26 05:22:38,fake@paypal.com,Urgent: Account Locked!,high,allowed
2025-01-10 08:37:01,unknown@mail.ru,Payment Needed,high,blocked
2025-01-29 22:52:37,fake@paypal.com,Reset Your Password,high,flagged
2025-01-11 00:03:47,unknown@mail.ru,Document Shared With You,high,blocked
2025-01-25 17:51:39,service@anz.com,Document Shared With You,critical,allowed
2025-01-08 15:17:13,service@anz.com,Reset Your Password,high,blocked
2025-01-24 08:36:05,service@anz.com,Security Alert,high,flagged
2025-01-20 10:11:50,security@amazon.com,Payment Needed,high,flagged
2025-01-28 03:14:17,unknown@mail.ru,Reset Your Password,medium,blocked
2025-01-20 20:30:25,hr-support@company.com,Urgent: Account Locked!,medium,flagged
2025-01-03 12:03:13,service@anz.com,Payment Needed,high,flagged
2025-01-08 04:09:43,hr-support@company.com,Payment Needed,critical,blocked
2025-01-01 17:09:09,billing@apple.com,Security Alert,critical,blocked
2025-01-09 05:08:30,unknown@mail.ru,Security Alert,critical,blocked
2025-01-14 13:30:31,unknown@mail.ru,Document Shared With You,medium,blocked
2025-01-23 07:02:09,service@anz.com,Payment Needed,critical,blocked
2025-01-13 13:00:47,fake@paypal.com,Payment Needed,medium,flagged
2025-01-19 06:28:25,hr-support@company.com,Invoice Attached,critical,blocked
2025-01-30 21:24:43,fake@paypal.com,Urgent: Account Locked!,medium,flagged
2025-01-27 23:04:32,unknown@mail.ru,Security Alert,high,flagged
2025-01-17 17:09:53,security@amazon.com,Urgent: Account Locked!,high,blocked
2025-01-06 15:02:27,unknown@mail.ru,Urgent: Account Locked!,medium,flagged
2025-01-02 07:43:57,service@anz.com,Invoice Attached,medium,blocked
2025-01-18 02:06:47,hr-support@company.com,Document Shared With You,medium,allowed
2025-01-27 05:50:40,hr-support@company.com,Security Alert,medium,flagged
2025-01-25 05:12:13,service@anz.com,Invoice Attached,high,blocked
2025-01-29 02:01:05,security@amazon.com,Invoice Attached,high,blocked
2025-01-13 02:59:55,hr-support@company.com,Document Shared With You,critical,flagged
2025-01-26 16:06:53,hr-support@company.com,Urgent: Account Locked!,medium,flagged
2025-01-16 16:07:53,fake@paypal.com,Payment Needed,high,blocked
2025-01-17 11:18:32,security@amazon.com,Security Alert,medium,flagged
2025-01-09 14:13:35,service@anz.com,Reset Your Password,medium,blocked
2025-01-11 08:46:09,fake@paypal.com,Document Shared With You,critical,flagged
2025-01-08 20:57:43,service@anz.com,Payment Needed,critical,allowed
2025-01-06 09:27:09,security@amazon.com,Payment Needed,medium,allowed
2025-01-20 13:54:34,billing@apple.com,Document Shared With You,medium,flagged
2025-01-28 16:59:55,billing@apple.com,Payment Needed,medium,blocked
2025-01-24 08:52:54,security@amazon.com,Reset Your Password,critical,blocked
2025-01-23 20:59:56,service@anz.com,Security Alert,high,blocked
2025-01-01 12:56:18,service@anz.com,Reset Your Password,high,allowed
2025-01-18 07:18:57,fake@paypal.com,Document Shared With You,medium,blocked
2025-01-09 05:55:29,fake@paypal.com,Payment Needed,high,blocked
2025-01-09 04:43:15,fake@paypal.com,Payment Needed,medium,flagged
2025-01-27 15:09:18,fake@paypal.com,Reset Your Password,high,blocked
2025-01-14 18:22:25,hr-support@company.com,Document Shared With You,high,allowed
2025-01-28 07:22:19,fake@paypal.com,Document Shared With You,high,blocked
2025-01-21 12:30:57,unknown@mail.ru,Urgent: Account Locked!,medium,allowed
2025-01-06 04:00:23,hr-support@company.com,Security Alert,high,flagged
2025-01-01 23:01:24,hr-support@company.com,Payment Needed,high,flagged
2025-01-15 08:17:26,hr-support@company.com,Document Shared With You,high,blocked
2025-01-29 11:10:34,unknown@mail.ru,Reset Your Password,high,allowed
2025-01-11 07:56:53,unknown@mail.ru,Invoice Attached,medium,flagged
2025-01-12 08:22:44,fake@paypal.com,Reset Your Password,high,flagged
2025-01-12 22:23:22,fake@paypal.com,Urgent: Account Locked!,high,allowed
2025-01-15 04:05:43,security@amazon.com,Payment Needed,high,blocked
2025-01-08 03:52:18,fake@paypal.com,Invoice Attached,medium,flagged
2025-01-11 08:07:12,fake@paypal.com,Invoice Attached,critical,blocked
2025-01-04 14:07:23,unknown@mail.ru,Invoice Attached,high,flagged
2025-01-18 00:08:10,security@amazon.com,Urgent: Account Locked!,medium,blocked
2025-01-27 06:07:14,fake@paypal.com,Document Shared With You,medium,blocked
2025-01-04 08:39:42,fake@paypal.com,Payment Needed,medium,blocked
2025-01-04 17:31:38,fake@paypal.com,Payment Needed,high,blocked
2025-01-01 17:31:13,service@anz.com,Reset Your Password,high,flagged
2025-01-24 10:39:31,hr-support@company.com,Invoice Attached,high,blocked
2025-01-06 09:23:31,unknown@mail.ru,Security Alert,medium,flagged
2025-01-02 01:07:07,unknown@mail.ru,Reset Your Password,medium,allowed
2025-01-15 11:41:14,billing@apple.com,Urgent: Account Locked!,medium,blocked
2025-01-06 08:45:47,unknown@mail.ru,Urgent: Account Locked!,critical,blocked
2025-01-16 10:26:33,service@anz.com,Invoice Attached,medium,blocked
2025-01-19 04:59:50,unknown@mail.ru,Document Shared With You,medium,flagged
2025-01-23 04:52:54,unknown@mail.ru,Reset Your Password,critical,allowed
2025-01-06 10:37:31,service@anz.com,Invoice Attached,medium,blocked
2025-01-27 00:03:39,hr-support@company.com,Security Alert,medium,blocked
2025-01-15 04:38:10,security@amazon.com,Urgent: Account Locked!,critical,blocked
2025-01-23 06:04:13,billing@apple.com,Security Alert,high,allowed
2025-01-01 22:32:57,fake@paypal.com,Document Shared With You,medium,blocked
2025-01-20 13:18:16,security@amazon.com,Security Alert,medium,allowed
2025-01-28 18:07:33,service@anz.com,Document Shared With You,medium,allowed
2025-01-02 17:09:30,unknown@mail.ru,Reset Your Password,high,flagged
2025-01-21 07:31:41,security@amazon.com,Document Shared With You,medium,blocked
2025-01-20 10:00:38,unknown@mail.ru,Document Shared With You,high,blocked
2025-01-13 05:10:34,service@anz.com,Urgent: Account Locked!,critical,blocked
2025-01-20 16:42:56,hr-support@company.com,Urgent: Account Locked!,high,blocked
2025-01-13 10:36:36,service@anz.com,Invoice Attached,high,flagged
2025-01-06 22:54:54,security@amazon.com,Security Alert,critical,allowed
2025-01-26 03:12:52,service@anz.com,Invoice Attached,medium,blocked
2025-01-12 07:21:43,fake@paypal.com,Payment Needed,high,blocked
2025-01-30 03:09:17,billing@apple.com,Urgent: Account Locked!,high,allowed
2025-01-22 00:53:16,security@amazon.com,Reset Your Password,high,flagged
2025-01-29 08:17:46,service@anz.com,Invoice Attached,critical,blocked
2025-01-27 20:16:08,security@amazon.com,Invoice Attached,high,flagged
2025-01-13 05:29:25,unknown@mail.ru,Document Shared With You,high,blocked
2025-01-22 19:27:15,billing@apple.com,Payment Needed,medium,flagged
2025-01-09 04:48:20,service@anz.com,Payment Needed,critical,flagged
2025-01-12 06:37:54,fake@paypal.com,Document Shared With You,medium,allowed
2025-01-17 15:12:45,billing@apple.com,Urgent: Account Locked!,medium,blocked
2025-01-12 08:28:25,billing@apple.com,Security Alert,high,flagged
2025-01-23 11:28:53,security@amazon.com,Security Alert,critical,blocked
2025-01-24 04:35:44,security@amazon.com,Urgent: Account Locked!,high,blocked
2025-01-25 23:30:28,billing@apple.com,Invoice Attached,high,blocked
2025-01-29 02:29:00,security@amazon.com,Payment Needed,high,allowed
2025-01-24 20:53:36,billing@apple.com,Payment Needed,medium,allowed
2025-01-22 02:09:03,unknown@mail.ru,Document Shared With You,medium,flagged
2025-01-01 13:54:10,hr-support@company.com,Reset Your Password,medium,blocked
2025-01-11 07:35:25,security@amazon.com,Invoice Attached,medium,blocked
2025-01-02 11:16:08,security@amazon.com,Invoice Attached,critical,blocked
2025-01-12 09:03:46,hr-support@company.com,Urgent: Account Locked!,high,blocked
2025-01-24 16:18:05,billing@apple.com,Security Alert,high,blocked
2025-01-28 08:20:56,fake@paypal.com,Payment Needed,medium,blocked
2025-01-01 07:31:40,unknown@mail.ru,Urgent: Account Locked!,critical,blocked
2025-01-20 10:14:49,service@anz.com,Document Shared With You,medium,blocked
2025-01-26 12:22:55,unknown@mail.ru,Reset Your Password,high,flagged
2025-01-13 06:28:15,billing@apple.com,Reset Your Password,high,blocked
2025-01-04 06:03:50,security@amazon.com,Urgent: Account Locked!,high,flagged
2025-01-08 01:24:31,billing@apple.com,Document Shared With You,high,allowed
2025-01-07 08:46:36,hr-support@company.com,Urgent: Account Locked!,critical,flagged
2025-01-13 01:53:11,fake@paypal.com,Payment Needed,high,flagged
2025-01-09 02:20:13,billing@apple.com,Payment Needed,critical,blocked
2025-01-03 20:26:36,service@anz.com,Document Shared With You,medium,allowed
2025-01-09 00:47:19,security@amazon.com,Payment Needed,high,flagged
2025-01-14 16:36:28,service@anz.com,Urgent: Account Locked!,critical,allowed
2025-01-25 05:57:45,billing@apple.com,Payment Needed,critical,blocked
2025-01-01 01:54:09,service@anz.com,Payment Needed,medium,blocked
2025-01-28 18:07:31,fake@paypal.com,Payment Needed,high,flagged
2025-01-08 10:51:31,security@amazon.com,Document Shared With You,high,blocked
2025-01-21 16:20:30,security@amazon.com,Document Shared With You,high,allowed
2025-01-30 20:26:32,unknown@mail.ru,Urgent: Account Locked!,medium,blocked
2025-01-14 05:05:24,fake@paypal.com,Security Alert,high,flagged
2025-01-06 17:08:32,billing@apple.com,Invoice Attached,high,blocked
2025-01-28 12:00:09,service@anz.com,Document Shared With You,medium,blocked
2025-01-07 21:05:27,unknown@mail.ru,Payment Needed,medium,blocked
2025-01-15 15:10:40,security@amazon.com,Payment Needed,medium,blocked
2025-01-26 01:48:39,billing@apple.com,Reset Your Password,medium,blocked
2025-01-21 15:40:32,service@anz.com,Document Shared With You,medium,flagged
2025-01-23 18:42:53,fake@paypal.com,Payment Needed,medium,flagged
2025-01-20 19:09:18,fake@paypal.com,Payment Needed,high,blocked
2025-01-13 08:51:45,service@anz.com,Invoice Attached,medium,allowed
2025-01-18 13:19:29,billing@apple.com,Payment Needed,medium,blocked
2025-01-02 11:05:35,security@amazon.com,Security Alert,medium,blocked
2025-01-12 17:43:36,billing@apple.com,Security Alert,high,blocked
2025-01-21 18:18:50,unknown@mail.ru,Invoice Attached,medium,blocked
2025-01-25 16:56:37,security@amazon.com,Invoice Attached,medium,allowed
2025-01-01 19:42:42,unknown@mail.ru,Invoice Attached,medium,blocked
2025-01-12 01:57:28,service@anz.com,Security Alert,critical,flagged
2025-01-30 05:39:19,security@amazon.com,Document Shared With You,medium,flagged
2025-01-19 14:57:32,hr-support@company.com,Security Alert,high,blocked
2025-01-19 14:17:47,billing@apple.com,Payment Needed,medium,blocked
2025-01-17 01:23:20,unknown@mail.ru,Payment Needed,high,allowed
2025-01-29 01:37:08,fake@paypal.com,Document Shared With You,high,blocked
2025-01-20 06:31:16,unknown@mail.ru,Security Alert,medium,blocked
2025-01-14 12:22:30,unknown@mail.ru,Payment Needed,high,allowed
2025-01-09 09:26:13,service@anz.com,Urgent: Account Locked!,high,blocked
2025-01-21 09:02:25,service@anz.com,Payment Needed,critical,blocked
2025-01-11 01:25:53,service@anz.com,Urgent: Account Locked!,high,flagged
2025-01-05 13:54:06,service@anz.com,Invoice Attached,medium,allowed
2025-01-03 15:38:18,service@anz.com,Urgent: Account Locked!,medium,allowed
2025-01-25 12:17:10,security@amazon.com,Payment Needed,medium,blocked
2025-01-18 10:46:48,fake@paypal.com,Payment Needed,critical,blocked
2025-01-25 12:30:43,service@anz.com,Payment Needed,critical,blocked
2025-01-10 08:08:39,unknown@mail.ru,Invoice Attached,high,blocked
2025-01-30 04:07:36,service@anz.com,Document Shared With You,medium,flagged
2025-01-01 07:55:48,service@anz.com,Payment Needed,medium,blocked
2025-01-03 16:24:47,security@amazon.com,Document Shared With You,high,flagged
2025-01-25 18:35:38,unknown@mail.ru,Urgent: Account Locked!,medium,blocked
2025-01-25 02:57:35,unknown@mail.ru,Security Alert,critical,flagged
2025-01-30 02:51:53,service@anz.com,Urgent: Account Locked!,high,allowed
2025-01-17 21:06:16,unknown@mail.ru,Security Alert,high,flagged
2025-01-28 08:18:07,service@anz.com,Document Shared With You,medium,flagged
2025-01-02 05:29:42,hr-support@company.com,Document Shared With You,high,blocked
2025-01-13 22:56:09,fake@paypal.com,Invoice Attached,medium,allowed
2025-01-09 02:34:32,fake@paypal.com,Invoice Attached,medium,blocked
2025-01-06 22:41:53,hr-support@company.com,Payment Needed,high,flagged
2025-01-17 13:26:28,security@amazon.com,Urgent: Account Locked!,critical,blocked
2025-01-29 20:43:55,unknown@mail.ru,Document Shared With You,medium,blocked
2025-01-20 00:55:41,fake@paypal.com,Document Shared With You,critical,blocked
2025-01-05 23:58:54,fake@paypal.com,Urgent: Account Locked!,medium,allowed
2025-01-03 02:55:02,billing@apple.com,Security Alert,medium,blocked
2025-01-09 07:39:22,unknown@mail.ru,Reset Your Password,medium,blocked
2025-01-10 08:52:07,service@anz.com,Reset Your Password,medium,flagged
2025-01-03 07:07:50,fake@paypal.com,Document Shared With You,high,allowed
2025-01-11 18:04:20,hr-support@company.com,Security Alert,medium,flagged
2025-01-15 22:14:03,hr-support@company.com,Document Shared With You,medium,flagged
2025-01-14 09:21:00,security@amazon.com,Document Shared With You,critical,blocked
2025-01-13 17:15:26,security@amazon.com,Security Alert,critical,blocked
2025-01-02 03:52:43,hr-support@company.com,Invoice Attached,high,blocked
2025-01-06 00:48:33,hr-support@company.com,Payment Needed,critical,blocked
2025-01-11 09:07:53,service@anz.com,Urgent: Account Locked!,critical,blocked
2025-01-19 08:03:45,fake@paypal.com,Reset Your Password,high,allowed
2025-01-28 21:31:13,security@amazon.com,Invoice Attached,high,flagged
2025-01-29 05:35:52,unknown@mail.ru,Invoice Attached,high,blocked
2025-01-04 20:03:06,fake@paypal.com,Urgent: Account Locked!,high,flagged
2025-01-28 03:22:50,unknown@mail.ru,Urgent: Account Locked!,medium,allowed
2025-01-26 10:21:20,billing@apple.com,Reset Your Password,critical,blocked
2025-01-14 12:15:39,security@amazon.com,Reset Your Password,medium,flagged
2025-01-02 19:49:19,security@amazon.com,Invoice Attached,high,flagged
2025-01-12 11:42:21,hr-support@company.com,Reset Your Password,high,flagged
2025-01-24 16:09:52,security@amazon.com,Urgent: Account Locked!,critical,flagged
2025-01-17 18:18:18,service@anz.com,Urgent: Account Locked!,critical,flagged
2025-01-17 14:43:36,fake@paypal.com,Payment Needed,critical,blocked
2025-01-07 19:34:49,security@amazon.com,Payment Needed,critical,flagged
2025-01-01 02:47:09,fake@paypal.com,Security Alert,medium,flagged
2025-01-03 02:19:27,hr-support@company.com,Security Alert,medium,blocked
2025-01-02 11:34:55,hr-support@company.com,Urgent: Account Locked!,high,allowed
2025-01-28 01:47:23,hr-support@company.com,Payment Needed,high,blocked
2025-01-22 22:04:01,fake@paypal.com,Reset Your Password,high,blocked
2025-01-04 06:34:56,unknown@mail.ru,Reset Your Password,high,blocked
2025-01-03 22:57:11,unknown@mail.ru,Reset Your Password,critical,blocked
2025-01-11 00:05:59,fake@paypal.com,Security Alert,medium,blocked
2025-01-18 15:35:50,hr-support@company.com,Security Alert,high,blocked
2025-01-17 19:00:16,fake@paypal.com,Security Alert,high,blocked
2025-01-30 08:32:00,billing@apple.com,Invoice Attached,critical,flagged
2025-01-30 15:18:42,billing@apple.com,Urgent: Account Locked!,critical,blocked
2025-01-16 10:48:48,billing@apple.com,Document Shared With You,high,allowed
2025-01-19 12:27:56,unknown@mail.ru,Reset Your Password,medium,flagged
2025-01-27 09:11:46,service@anz.com,Urgent: Account Locked!,medium,blocked
2025-01-09 06:50:51,unknown@mail.ru,Urgent: Account Locked!,medium,blocked
2025-01-29 19:02:18,security@amazon.com,Urgent: Account Locked!,high,flagged
2025-01-02 12:45:49,fake@paypal.com,Invoice Attached,medium,allowed
2025-01-04 19:46:40,fake@paypal.com,Security Alert,high,blocked
2025-01-08 00:46:35,fake@paypal.com,Invoice Attached,high,blocked
2025-01-29 05:59:44,service@anz.com,Reset Your Password,high,allowed
2025-01-30 19:46:02,hr-support@company.com,Security Alert,medium,blocked
2025-01-02 14:31:57,unknown@mail.ru,Payment Needed,high,flagged
2025-01-08 13:58:09,billing@apple.com,Security Alert,high,allowed
2025-01-22 23:44:33,security@amazon.com,Reset Your Password,medium,blocked
2025-01-09 17:56:19,unknown@mail.ru,Reset Your Password,high,blocked
2025-01-30 03:03:16,security@amazon.com,Invoice Attached,high,flagged
2025-01-17 04:31:24,unknown@mail.ru,Invoice Attached,critical,blocked
2025-01-09 07:40:46,unknown@mail.ru,Document Shared With You,medium,allowed
2025-01-29 15:10:42,hr-support@company.com,Document Shared With You,critical,flagged
2025-01-17 10:06:06,fake@paypal.com,Urgent: Account Locked!,medium,allowed
2025-01-18 07:03:30,security@amazon.com,Urgent: Account Locked!,medium,blocked
2025-01-12 06:30:04,hr-support@company.com,Reset Your Password,medium,blocked
2025-01-11 19:07:00,billing@apple.com,Invoice Attached,high,blocked
2025-01-03 11:52:31,service@anz.com,Payment Needed,medium,allowed
2025-01-25 07:19:21,security@amazon.com,Document Shared With You,medium,blocked
2025-01-06 19:18:58,hr-support@company.com,Urgent: Account Locked!,medium,flagged
2025-01-29 11:29:54,security@amazon.com,Document Shared With You,high,flagged
2025-01-20 17:19:10,unknown@mail.ru,Document Shared With You,high,blocked
2025-01-06 14:04:58,security@amazon.com,Reset Your Password,critical,blocked
2025-01-26 20:03:51,billing@apple.com,Urgent: Account Locked!,critical,allowed
2025-01-02 00:23:16,service@anz.com,Invoice Attached,medium,flagged
2025-01-16 01:18:21,billing@apple.com,Document Shared With You,medium,flagged
2025-01-10 16:54:43,security@amazon.com,Security Alert,high,allowed
2025-01-16 02:41:42,security@amazon.com,Payment Needed,medium,flagged
2025-01-20 02:08:11,fake@paypal.com,Urgent: Account Locked!,high,flagged
2025-01-04 09:09:20,service@anz.com,Payment Needed,medium,flagged
2025-01-03 03:27:09,hr-support@company.com,Urgent: Account Locked!,medium,flagged
2025-01-15 00:54:04,service@anz.com,Urgent: Account Locked!,critical,blocked
2025-01-01 11:06:21,service@anz.com,Document Shared With You,high,blocked
2025-01-06 17:30:14,security@amazon.com,Document Shared With You,high,flagged
2025-01-20 17:52:28,hr-support@company.com,Payment Needed,high,flagged
2025-01-06 21:43:20,unknown@mail.ru,Reset Your Password,high,allowed
2025-01-01 15:58:31,fake@paypal.com,Urgent: Account Locked!,high,blocked
2025-01-22 10:29:47,fake@paypal.com,Payment Needed,high,allowed
2025-01-10 07:02:15,unknown@mail.ru,Reset Your Password,high,flagged
2025-01-30 11:42:37,service@anz.com,Document Shared With You,medium,blocked
2025-01-18 05:13:59,billing@apple.com,Payment Needed,critical,blocked
2025-01-08 10:00:46,security@amazon.com,Urgent: Account Locked!,critical,flagged
2025-01-01 05:10:49,security@amazon.com,Reset Your Password,high,blocked
2025-01-20 18:48:03,unknown@mail.ru,Payment Needed,critical,flagged
2025-01-07 00:33:16,fake@paypal.com,Urgent: Account Locked!,high,blocked
2025-01-24 21:24:33,hr-support@company.com,Urgent: Account Locked!,high,allowed
2025-01-23 03:36:50,unknown@mail.ru,Payment Needed,medium,blocked
2025-01-08 23:06:38,security@amazon.com,Invoice Attached,high,blocked
2025-01-09 23:13:41,service@anz.com,Invoice Attached,high,blocked
2025-01-20 13:52:15,security@amazon.com,Invoice Attached,medium,flagged
2025-01-20 20:34:54,billing@apple.com,Invoice Attached,critical,blocked
2025-01-27 15:12:44,unknown@mail.ru,Document Shared With You,high,flagged
2025-01-09 00:05:31,unknown@mail.ru,Invoice Attached,high,flagged
2025-01-20 02:05:25,fake@paypal.com,Urgent: Account Locked!,high,blocked
2025-01-13 07:13:48,hr-support@company.com,Security Alert,high,blocked
2025-01-16 02:24:46,hr-support@company.com,Security Alert,high,flagged
2025-01-04 06:32:26,fake@paypal.com,Security Alert,medium,allowed
2025-01-12 12:27:57,fake@paypal.com,Security Alert,high,blocked
2025-01-27 09:30:04,fake@paypal.com,Urgent: Account Locked!,medium,flagged
2025-01-30 08:29:42,unknown@mail.ru,Reset Your Password,medium,flagged
2025-01-26 16:30:13,fake@paypal.com,Security Alert,medium,blocked
2025-01-22 05:44:00,unknown@mail.ru,Urgent: Account Locked!,medium,allowed
2025-01-23 08:39:43,fake@paypal.com,Document Shared With You,medium,allowed
2025-01-08 22:33:55,hr-support@company.com,Invoice Attached,medium,blocked
2025-01-08 18:09:00,unknown@mail.ru,Document Shared With You,high,flagged
2025-01-29 05:36:22,unknown@mail.ru,Security Alert,critical,blocked
2025-01-29 04:05:45,billing@apple.com,Invoice Attached,medium,blocked
2025-01-01 09:14:58,service@anz.com,Document Shared With You,high,blocked
2025-01-16 07:59:30,unknown@mail.ru,Document Shared With You,high,blocked
2025-01-30 04:18:08,fake@paypal.com,Document Shared With You,medium,allowed
2025-01-01 01:47:06,fake@paypal.com,Urgent: Account Locked!,high,blocked
2025-01-21 02:19:39,service@anz.com,Invoice Attached,medium,allowed
2025-01-08 20:55:03,security@amazon.com,Security Alert,high,flagged
2025-01-04 03:55:15,fake@paypal.com,Urgent: Account Locked!,medium,allowed
2025-01-27 01:24:36,security@amazon.com,Urgent: Account Locked!,high,blocked
2025-01-26 20:41:58,billing@apple.com,Urgent: Account Locked!,medium,blocked
2025-01-15 00:18:48,service@anz.com,Payment Needed,critical,blocked
2025-01-10 17:18:12,hr-support@company.com,Urgent: Account Locked!,medium,blocked
2025-01-24 23:42:56,billing@apple.com,Invoice Attached,high,flagged
2025-01-30 16:23:01,fake@paypal.com,Reset Your Password,medium,flagged
2025-01-19 08:21:12,security@amazon.com,Reset Your Password,high,blocked
2025-01-17 21:43:55,service@anz.com,Security Alert,medium,allowed
2025-01-08 21:00:34,fake@paypal.com,Reset Your Password,high,blocked
2025-01-17 02:56:07,service@anz.com,Payment Needed,high,blocked
2025-01-13 00:48:28,security@amazon.com,Security Alert,high,blocked
2025-01-25 11:26:02,service@anz.com,Security Alert,high,allowed
2025-01-02 04:11:39,service@anz.com,Reset Your Password,high,blocked
2025-01-11 03:50:59,security@amazon.com,Document Shared With You,high,allowed
2025-01-24 04:10:16,hr-support@company.com,Document Shared With You,high,blocked
2025-01-07 11:42:46,unknown@mail.ru,Security Alert,medium,blocked
2025-01-07 05:58:36,billing@apple.com,Payment Needed,medium,blocked
2025-01-07 06:01:30,hr-support@company.com,Payment Needed,critical,blocked
2025-01-27 01:41:38,billing@apple.com,Document Shared With You,high,flagged
2025-01-17 06:24:23,fake@paypal.com,Payment Needed,high,blocked
2025-01-21 06:20:51,hr-support@company.com,Urgent: Account Locked!,high,allowed
2025-01-24 15:22:51,service@anz.com,Payment Needed,medium,blocked
2025-01-06 09:24:57,hr-support@company.com,Security Alert,medium,allowed
2025-01-15 08:44:59,service@anz.com,Urgent: Account Locked!,high,allowed
2025-01-03 05:21:08,service@anz.com,Payment Needed,critical,blocked
2025-01-20 05:36:26,service@anz.com,Reset Your Password,high,allowed
2025-01-18 02:21:03,service@anz.com,Urgent: Account Locked!,critical,blocked
2025-01-03 13:03:04,unknown@mail.ru,Reset Your Password,high,flagged
2025-01-05 06:15:26,hr-support@company.com,Document Shared With You,medium,blocked
2025-01-06 15:15:27,unknown@mail.ru,Document Shared With You,high,blocked
2025-01-19 12:26:50,hr-support@company.com,Reset Your Password,critical,blocked
2025-01-28 08:57:18,security@amazon.com,Document Shared With You,medium,blocked
2025-01-17 05:52:12,billing@apple.com,Document Shared With You,high,blocked
2025-01-24 21:44:15,hr-support@company.com,Payment Needed,medium,blocked
2025-01-08 09:22:46,hr-support@company.com,Payment Needed,high,flagged
2025-01-26 00:56:49,fake@paypal.com,Invoice Attached,high,allowed
2025-01-18 16:16:15,hr-support@company.com,Security Alert,medium,flagged
2025-01-06 06:30:18,fake@paypal.com,Invoice Attached,medium,blocked
2025-01-27 11:26:47,service@anz.com,Security Alert,medium,blocked
2025-01-29 16:30:33,billing@apple.com,Urgent: Account Locked!,high,flagged
2025-01-23 08:09:20,billing@apple.com,Reset Your Password,medium,blocked
2025-01-10 04:36:55,fake@paypal.com,Payment Needed,high,blocked
2025-01-14 00:32:47,security@amazon.com,Document Shared With You,high,blocked
2025-01-30 11:15:24,service@anz.com,Invoice Attached,medium,blocked
2025-01-11 03:45:26,hr-support@company.com,Reset Your Password,medium,flagged
2025-01-17 15:11:41,unknown@mail.ru,Urgent: Account Locked!,medium,blocked
2025-01-29 17:25:26,security@amazon.com,Document Shared With You,high,blocked
2025-01-07 23:25:16,fake@paypal.com,Security Alert,medium,blocked
2025-01-24 05:09:55,billing@apple.com,Invoice Attached,critical,flagged
2025-01-12 09:13:03,fake@paypal.com,Payment Needed,high,blocked
2025-01-29 03:59:20,unknown@mail.ru,Urgent: Account Locked!,high,flagged
2025-01-29 22:34:37,unknown@mail.ru,Urgent: Account Locked!,high,flagged
2025-01-21 09:21:11,security@amazon.com,Security Alert,medium,flagged
2025-01-03 21:09:06,billing@apple.com,Reset Your Password,high,allowed
2025-01-07 05:08:27,billing@apple.com,Reset Your Password,medium,flagged
2025-01-08 00:23:01,security@amazon.com,Payment Needed,high,blocked
2025-01-04 15:22:36,fake@paypal.com,Security Alert,high,blocked
2025-01-30 07:19:26,unknown@mail.ru,Payment Needed,medium,blocked
2025-01-05 23:02:38,service@anz.com,Urgent: Account Locked!,medium,flagged
2025-01-26 20:28:40,fake@paypal.com,Invoice Attached,high,blocked
2025-01-19 03:56:29,fake@paypal.com,Reset Your Password,medium,allowed
2025-01-09 17:40:22,billing@apple.com,Reset Your Password,medium,flagged
2025-01-27 09:37:00,hr-support@company.com,Security Alert,high,allowed
2025-01-23 04:33:08,security@amazon.com,Reset Your Password,critical,allowed
2025-01-08 01:42:07,service@anz.com,Reset Your Password,medium,blocked
2025-01-20 20:47:21,unknown@mail.ru,Security Alert,critical,blocked
2025-01-17 12:51:21,billing@apple.com,Urgent: Account Locked!,high,flagged
2025-01-10 22:21:04,fake@paypal.com,Payment Needed,critical,blocked
2025-01-03 06:41:21,service@anz.com,Document Shared With You,medium,allowed
2025-01-17 15:34:31,fake@paypal.com,Security Alert,critical,blocked
2025-01-11 11:54:43,unknown@mail.ru,Reset Your Password,high,flagged
2025-01-17 20:41:58,service@anz.com,Invoice Attached,medium,flagged
2025-01-28 13:59:32,hr-support@company.com,Urgent: Account Locked!,critical,blocked
2025-01-15 11:48:16,billing@apple.com,Invoice Attached,high,flagged
2025-01-26 12:03:50,billing@apple.com,Payment Needed,medium,flagged
2025-01-19 16:55:09,service@anz.com,Payment Needed,medium,blocked
2025-01-08 07:25:14,hr-support@company.com,Document Shared With You,high,allowed
2025-01-27 03:40:00,service@anz.com,Security Alert,medium,flagged
2025-01-24 19:32:27,fake@paypal.com,Security Alert,medium,blocked
2025-01-28 02:40:21,service@anz.com,Urgent: Account Locked!,medium,blocked
2025-01-16 12:16:23,fake@paypal.com,Urgent: Account Locked!,high,allowed
2025-01-30 20:23:21,fake@paypal.com,Payment Needed,critical,flagged
2025-01-13 12:11:11,billing@apple.com,Security Alert,medium,blocked
2025-01-17 06:53:37,security@amazon.com,Reset Your Password,high,blocked
2025-01-09 15:00:20,fake@paypal.com,Invoice Attached,high,flagged
2025-01-26 21:05:00,security@amazon.com,Payment Needed,high,blocked
2025-01-16 03:52:08,service@anz.com,Security Alert,medium,blocked
2025-01-27 10:10:28,fake@paypal.com,Document Shared With You,high,blocked
2025-01-25 12:54:49,security@amazon.com,Payment Needed,medium,flagged
2025-01-05 00:37:16,fake@paypal.com,Reset Your Password,high,allowed
2025-01-23 19:49:24,security@amazon.com,Invoice Attached,high,allowed
2025-01-24 23:42:12,service@anz.com,Payment Needed,critical,allowed
2025-01-27 11:30:35,hr-support@company.com,Payment Needed,medium,blocked
2025-01-05 02:42:14,security@amazon.com,Urgent: Account Locked!,critical,allowed
2025-01-27 09:07:15,service@anz.com,Security Alert,medium,blocked
2025-01-20 01:41:14,service@anz.com,Invoice Attached,critical,blocked
2025-01-27 10:01:18,security@amazon.com,Payment Needed,medium,blocked
2025-01-04 10:48:24,security@amazon.com,Payment Needed,high,flagged
2025-01-25 10:02:56,fake@paypal.com,Document Shared With You,medium,flagged
2025-01-15 20:00:37,hr-support@company.com,Invoice Attached,medium,blocked
2025-01-22 20:42:02,security@amazon.com,Reset Your Password,critical,blocked
2025-01-15 22:02:57,hr-support@company.com,Payment Needed,critical,blocked
2025-01-13 14:20:02,hr-support@company.com,Document Shared With You,high,blocked
2025-01-14 20:55:20,service@anz.com,Document Shared With You,high,blocked
2025-01-06 13:50:29,fake@paypal.com,Document Shared With You,high,blocked
2025-01-27 07:26:22,fake@paypal.com,Document Shared With You,medium,allowed
2025-01-27 22:22:53,billing@apple.com,Payment Needed,critical,blocked
2025-01-14 05:07:59,hr-support@company.com,Security Alert,high,allowed
2025-01-13 13:13:53,hr-support@company.com,Urgent: Account Locked!,medium,flagged
2025-01-17 10:09:59,security@amazon.com,Urgent: Account Locked!,high,blocked
2025-01-28 05:20:35,billing@apple.com,Urgent: Account Locked!,high,allowed
2025-01-09 01:54:00,unknown@mail.ru,Document Shared With You,critical,blocked
2025-01-12 10:40:20,fake@paypal.com,Reset Your Password,medium,allowed
2025-01-03 16:06:47,unknown@mail.ru,Payment Needed,critical,flagged
2025-01-10 09:40:04,security@amazon.com,Reset Your Password,high,blocked
2025-01-14 15:19:30,hr-support@company.com,Payment Needed,high,flagged
2025-01-14 13:36:31,service@anz.com,Payment Needed,critical,flagged
2025-01-02 13:28:35,unknown@mail.ru,Invoice Attached,medium,allowed
2025-01-18 12:25:33,billing@apple.com,Invoice Attached,medium,blocked
2025-01-04 22:53:06,fake@paypal.com,Invoice Attached,medium,flagged
2025-01-16 16:51:05,fake@paypal.com,Payment Needed,critical,blocked
2025-01-27 10:08:44,security@amazon.com,Urgent: Account Locked!,medium,allowed
2025-01-16 21:11:01,fake@paypal.com,Reset Your Password,critical,flagged
2025-01-25 11:19:06,hr-support@company.com,Invoice Attached,medium,allowed
2025-01-28 22:16:30,service@anz.com,Invoice Attached,medium,allowed
2025-01-08 02:47:19,unknown@mail.ru,Invoice Attached,medium,allowed
2025-01-15 03:49:52,unknown@mail.ru,Urgent: Account Locked!,high,flagged
2025-01-02 14:00:23,service@anz.com,Invoice Attached,critical,allowed
2025-01-30 15:04:55,unknown@mail.ru,Reset Your Password,medium,allowed
2025-01-07 14:07:22,billing@apple.com,Invoice Attached,high,flagged
2025-01-25 16:15:52,fake@paypal.com,Invoice Attached,medium,blocked
2025-01-10 09:34:20,unknown@mail.ru,Security Alert,high,blocked
2025-01-09 23:49:48,service@anz.com,Reset Your Password,high,flagged
2025-01-20 15:44:48,security@amazon.com,Payment Needed,high,blocked
2025-01-13 07:12:56,fake@paypal.com,Urgent: Account Locked!,critical,flagged
2025-01-12 00:04:59,fake@paypal.com,Invoice Attached,medium,blocked
2025-01-28 04:48:39,unknown@mail.ru,Urgent: Account Locked!,medium,blocked
2025-01-03 20:48:49,service@anz.com,Security Alert,medium,flagged
2025-01-06 04:54:10,unknown@mail.ru,Invoice Attached,critical,flagged
2025-01-10 05:32:39,hr-support@company.com,Security Alert,critical,blocked
2025-01-12 16:17:38,fake@paypal.com,Security Alert,critical,blocked
2025-01-18 11:01:21,fake@paypal.com,Payment Needed,medium,blocked
2025-01-14 22:53:11,unknown@mail.ru,Urgent: Account Locked!,high,allowed
2025-01-24 22:21:13,service@anz.com,Reset Your Password,medium,blocked
2025-01-26 12:33:28,service@anz.com,Security Alert,medium,blocked
2025-01-21 17:48:08,security@amazon.com,Payment Needed,medium,blocked
2025-01-09 08:23:53,security@amazon.com,Invoice Attached,critical,flagged
2025-01-22 16:36:10,security@amazon.com,Payment Needed,critical,flagged
2025-01-03 01:53:00,service@anz.com,Payment Needed,medium,flagged
2025-01-13 20:57:22,unknown@mail.ru,Payment Needed,critical,flagged
2025-01-01 19:33:54,unknown@mail.ru,Urgent: Account Locked!,medium,blocked
2025-01-25 02:38:16,unknown@mail.ru,Invoice Attached,high,blocked
2025-01-23 19:23:43,hr-support@company.com,Invoice Attached,medium,blocked
2025-01-14 04:14:33,unknown@mail.ru,Security Alert,medium,blocked
2025-01-13 07:37:52,fake@paypal.com,Invoice Attached,medium,blocked
2025-01-03 04:42:51,unknown@mail.ru,Document Shared With You,medium,allowed
2025-01-05 01:08:19,service@anz.com,Document Shared With You,high,blocked
2025-01-24 20:55:03,hr-support@company.com,Invoice Attached,medium,blocked
2025-01-09 12:21:50,hr-support@company.com,Invoice Attached,high,flagged
2025-01-19 11:26:51,unknown@mail.ru,Invoice Attached,medium,blocked
2025-01-27 22:06:25,fake@paypal.com,Urgent: Account Locked!,critical,allowed
2025-01-15 04:34:03,security@amazon.com,Reset Your Password,medium,flagged
2025-01-15 07:17:19,security@amazon.com,Urgent: Account Locked!,medium,flagged
2025-01-19 03:54:18,billing@apple.com,Document Shared With You,medium,allowed
2025-01-04 09:53:50,billing@apple.com,Document Shared With You,medium,blocked
2025-01-07 07:00:09,security@amazon.com,Invoice Attached,critical,flagged
2025-01-28 11:57:19,security@amazon.com,Payment Needed,high,flagged
2025-01-25 13:21:26,unknown@mail.ru,Reset Your Password,medium,blocked
2025-01-25 13:41:02,service@anz.com,Invoice Attached,medium,flagged
2025-01-11 08:52:46,service@anz.com,Document Shared With You,medium,blocked
2025-01-28 19:11:42,security@amazon.com,Invoice Attached,medium,flagged
